,cash,asset_value,total_assets,reward,date
0,1000000.0,0.0,1000000.0,0.0,2019-01-03
1,864594.9997434136,134457.16646992113,999052.1662133348,-0.001895667573330373,2019-01-04
2,764175.0002015693,239829.42256630326,1004004.4227678726,0.004004422767872606,2019-01-07
3,634218.5381378325,370730.61545634235,1004949.1535941749,0.004949153594174804,2019-01-08
4,533793.0071080815,467730.33929238206,1001523.3464004635,-0.0018855894461502487,2019-01-09
5,408388.0059074876,603686.1735725647,1012074.1794800523,0.012074179480052294,2019-01-10
6,282953.0049968526,726861.5835452636,1009814.5885421162,0.007581954824400938,2019-01-11
7,162935.37716245215,849696.0086236161,1012631.3857860682,0.012631385786068261,2019-01-14
8,47470.37812826033,952224.7726239464,999695.1507522068,-0.01307971996130497,2019-01-15
9,67564.98530519057,954191.4249007211,1021756.4102059116,0.02175641020591157,2019-01-16
10,82507.09561349134,942086.3788582794,1024593.4744717708,0.02459347447177085,2019-01-17
11,97507.09574728957,920846.254037462,1018353.3497847515,0.012263007768629985,2019-01-18
12,102854.30521386367,932894.4136030548,1035748.7188169186,0.035748718816918545,2019-01-21
13,107854.30533814651,940230.0078069991,1048084.3131451457,0.04808431314514561,2019-01-22
14,107854.30533814651,924293.581704538,1032147.8870426845,0.016942596874150007,2019-01-23
15,112854.3054697963,917588.790592144,1030443.0960619403,0.013611227802919679,2019-01-24
16,117425.04440717422,923649.7048789589,1041074.7492861331,0.034386772211103867,2019-01-25
17,132425.04452676652,921281.7502700393,1053706.7947968058,0.053706794796805735,2019-01-28
18,132425.04452676652,920376.7757546089,1052801.8202813754,0.05194297176687479,2019-01-29
19,132425.04452676652,923671.9149072014,1056096.959433968,0.056096959433967974,2019-01-30
20,7050.044901446766,1038793.4872845414,1045843.5321859882,0.03613473873062667,2019-01-31
21,27050.045010312126,1030696.7753652146,1057746.8203755268,0.0577468203755267,2019-02-01
22,32050.04485601525,1044295.0964455376,1076345.141301553,0.07634514130155301,2019-02-11
23,32050.04485601525,1062615.7911649863,1094665.8360210017,0.09466583602100176,2019-02-12
24,37050.044742770624,1062092.905275534,1099142.9500183046,0.09914295001830453,2019-02-13
25,37050.044742770624,1090126.4055306725,1127176.4502734432,0.12717645027344315,2019-02-14
26,37531.81331298241,1097174.2659459068,1134706.0792588892,0.13470607925888922,2019-02-15
27,42531.81341485009,1068618.8132691025,1111150.6266839525,0.09039154818291784,2019-02-18
28,47531.81324774804,1097245.0003197105,1144776.8135674584,0.14477681356745853,2019-02-19
29,47531.81324774804,1095992.047723278,1143523.860971026,0.14242936588553579,2019-02-20
30,47531.81324774804,1099722.736916021,1147254.550163769,0.14725455016376898,2019-02-21
31,52531.81319800438,1098368.687644246,1150900.5008422504,0.15090050084225037,2019-02-22
32,52531.81319800438,1126574.4970360459,1179106.3102340503,0.17910631023405021,2019-02-25
33,57531.81329156517,1186738.4539463653,1244270.2672379306,0.24427026723793066,2019-02-26
34,57531.81329156517,1172055.1814768089,1229586.9947683741,0.2177862848613933,2019-02-27
35,57531.81329156517,1163358.132807406,1220889.9460989712,0.20209955806626534,2019-02-28
36,62531.813383099594,1158193.2747953737,1220725.0881784733,0.20180220648676206,2019-03-01
37,67531.81348695244,1181928.138698317,1249459.9521852694,0.2494599521852694,2019-03-04
38,77531.81347903924,1184689.358350827,1262221.1718298662,0.26222117182986615,2019-03-05
39,82531.81331453423,1195051.0784988077,1277582.891813342,0.27758289181334206,2019-03-06
40,87531.81342085595,1190258.3274802987,1277790.1409011546,0.2777901409011545,2019-03-07
41,97531.8133041903,1157293.7030082534,1254825.5163124437,0.2368533753061628,2019-03-08
42,107531.8133064486,1125006.9657289223,1232538.7790353708,0.19712501239457436,2019-03-11
43,122531.8130343676,1132309.758580001,1254841.5716143686,0.2368819955054141,2019-03-12
44,128250.33538141655,1138832.3696406716,1267082.7050220883,0.2587030536722078,2019-03-13
45,128250.33538141655,1112250.289605841,1240500.6249872576,0.21131780793437394,2019-03-14
46,133250.33535853142,1100318.2061751937,1233568.541533725,0.19896066818118663,2019-03-15
47,133250.33535853142,1116890.9487489779,1250141.2841075093,0.22850325771442248,2019-03-18
48,7845.334647840528,1278727.8534719194,1286573.18811976,0.28657318811975996,2019-03-19
49,12845.33473297923,1271019.3205336037,1283864.655266583,0.2817594249709513,2019-03-20
50,22845.334966321974,1249711.4764844482,1272556.8114507701,0.2616624629609855,2019-03-21
51,33042.959784642444,1245855.6144522575,1278898.5742369,0.272933415042128,2019-03-22
52,34317.16150301479,1249524.52860522,1283841.6901082348,0.2817186099471154,2019-03-25
53,34317.16150301479,1225340.87662955,1259658.0381325649,0.23873800790363564,2019-03-26
54,39317.161334930075,1215091.7670097717,1254408.9283447016,0.229408982696787,2019-03-27
55,44317.16145873226,1225600.9606581023,1269918.1221168346,0.2569728298033318,2019-03-28
56,49317.161292655604,1207119.8130967468,1256436.9743894024,0.23301334485271075,2019-03-29
57,54317.16134098324,1242969.993504283,1297287.1548452664,0.29728715484526647,2019-04-01
58,54317.16134098324,1283145.9334818772,1337463.0948228606,0.3374630948228605,2019-04-02
59,54317.16134098324,1287090.7723937333,1341407.9337347166,0.3414079337347167,2019-04-03
60,59317.16144132504,1214875.079467778,1274192.240909103,0.22408392476214756,2019-04-04
61,64317.161328812836,1316778.741181984,1381095.902510797,0.38109590251079695,2019-04-08
62,64317.161328812836,1311137.8460038116,1375455.0073326244,0.3713706456543966,2019-04-09
63,64317.161328812836,1239212.534947548,1303529.696276361,0.24736690114140858,2019-04-10
64,64317.161328812836,1236806.664623039,1301123.825951852,0.24321902990288968,2019-04-11
65,64317.161328812836,1207417.0915605805,1271734.2528893934,0.19254956381560284,2019-04-12
66,64317.161328812836,1201881.715245944,1266198.8765747568,0.18300622809382194,2019-04-15
67,64317.161328812836,1216570.6105605727,1280887.7718893855,0.208330804310787,2019-04-16
68,64317.161328812836,1262742.6402187438,1327059.8015475566,0.2879342774872766,2019-04-17
69,64317.161328812836,1338543.7536321518,1402860.9149609646,0.40286091496096454,2019-04-18
70,69317.16146389584,1337062.928813173,1406380.0902770688,0.4063800902770687,2019-04-19
71,79317.1614105908,1337219.4476585267,1416536.6090691176,0.4165366090691176,2019-04-22
72,84317.16144346433,1308085.205825122,1392402.3672685863,0.3753648677461482,2019-04-23
73,84317.16144346433,1304889.0014084412,1389206.1628519055,0.3699123118901767,2019-04-24
74,84317.16144346433,1312636.0975000474,1396953.2589435116,0.38312844848663596,2019-04-25
75,84317.16144346433,1285413.9846971496,1369731.1461406138,0.3366889623884678,2019-04-26
76,84317.16144346433,1265105.6442715088,1349422.805714973,0.30204400666067355,2019-04-29
77,84317.16144346433,1270238.450116008,1354555.6115594723,0.3108003022276674,2019-04-30
78,84317.16144346433,1264083.553047473,1348400.7144909373,0.30030037303703305,2019-05-06
79,89317.16140763974,1107933.8029120024,1197250.9643196422,0.04244688559302179,2019-05-07
80,89317.16140763974,1211158.0805860702,1300475.24199371,0.2185420492104484,2019-05-08
81,89317.16140763974,1190206.8863475723,1279524.047755212,0.18280041884459475,2019-05-09
82,89317.16140763974,1175300.5619374772,1264617.723345117,0.15737101701125478,2019-05-10
83,89317.16140763974,1230502.5247476655,1319819.6861553052,0.2515426488414796,2019-05-13
84,89317.16140763974,1199460.2432401185,1288777.4046477582,0.1985861567806687,2019-05-14
85,94317.16141966367,1185945.5093497667,1280262.6707694302,0.184060470679988,2019-05-15
86,94317.16141966367,1211631.0861113938,1305948.2475310573,0.22787870747819994,2019-05-16
87,94317.16141966367,1213437.1314205169,1307754.2928401805,0.23095972534896403,2019-05-17
88,98706.77776450009,1180699.633143869,1279406.410908369,0.1825997365994968,2019-05-20
89,103706.77756557889,1165074.7959421081,1268781.573507687,0.1644743253819021,2019-05-21
90,103706.77756557889,1171897.250423654,1275604.027989233,0.1761130722471861,2019-05-22
91,103706.77756557889,1180379.0305769104,1284085.8081424893,0.19058254103408123,2019-05-23
92,103706.77756557889,1154737.5003640181,1258444.277929597,0.14683944532070914,2019-05-24
93,103706.77756557889,1150471.748599643,1254178.5261652218,0.13956229820159016,2019-05-27
94,103706.77756557889,1166795.3964071565,1270502.1739727354,0.1674095788633515,2019-05-28
95,103706.77756557889,1177324.796263852,1281031.5738294309,0.18537217867356948,2019-05-29
96,103706.77756557889,1182683.2798381546,1286390.0574037335,0.19451346852340057,2019-05-30
97,108706.77779267849,1164660.8800695725,1273367.657862251,0.1722979429743664,2019-05-31
98,108706.77779267849,1157854.9570859298,1266561.7348786083,0.16068739797102494,2019-06-03
99,113706.77766826443,1154534.5329336822,1268241.3106019467,0.16355266541075464,2019-06-04
100,113706.77766826443,1145122.4252048584,1258829.2028731229,0.1474961069359606,2019-06-05
101,113706.77766826443,1109408.637119522,1223115.4147877865,0.08657027148334451,2019-06-06
102,113706.77766826443,1129918.4027461256,1243625.18041439,0.12155884796121263,2019-06-10
103,118706.77774290432,1151974.8298236327,1270681.607566537,0.1677156830935863,2019-06-11
104,118706.77774290432,1188611.5718412704,1307318.3495841748,0.2302160291882931,2019-06-12
105,118706.77774290432,1178002.450157083,1296709.2278999875,0.2121174281526621,2019-06-13
106,123706.77781858791,1172911.964984761,1296618.742803349,0.21196306535878706,2019-06-14
107,123706.77781858791,1163064.779673439,1286771.5574920268,0.19516428751658565,2019-06-17
108,128706.77770374417,1159794.2487153886,1288501.0264191327,0.19811467012571937,2019-06-18
109,7019.678158984842,1286371.3769957977,1293391.0551547825,0.20645680077270856,2019-06-19
110,24334.529735391705,1302603.6619562963,1326938.191691688,0.26368644316377,2019-06-20
111,34495.58227133683,1334455.3132562623,1368950.8955275991,0.33535789606901845,2019-06-21
112,39495.58228923234,1333954.9193449027,1373450.5016341351,0.34303398633962634,2019-06-24
113,39495.58228923234,1337635.165954968,1377130.7482442004,0.34931229260201757,2019-06-25
114,44495.582081541914,1313220.2681862847,1357715.8502678266,0.3161915024855654,2019-06-26
115,54519.552507185836,1313002.5666165503,1367522.1191237362,0.33292047901674904,2019-06-27
116,59519.55237405595,1335978.9518040284,1395498.5041780842,0.38064671372216474,2019-06-28
117,64519.552597224894,1332014.6952379881,1396534.247835213,0.3824136376753041,2019-07-01
118,64519.552597224894,1374247.4760289746,1438767.0286261996,0.43876702862619954,2019-07-02
119,64519.552597224894,1357578.5768026104,1422098.1293998354,0.4105125850450412,2019-07-03
120,64519.552597224894,1343935.6366311864,1408455.1892284113,0.3873872617636491,2019-07-04
121,69543.18889282121,1325304.7687685685,1394847.9576613898,0.3643224659792893,2019-07-05
122,69543.18889282121,1338814.8676209422,1408358.0565137635,0.38722261796992086,2019-07-08
123,69543.18889282121,1303333.7850525978,1372876.973945419,0.3270807794470676,2019-07-09
124,69543.18889282121,1301428.5813225233,1370971.7702153446,0.3238513837580673,2019-07-10
125,69543.18889282121,1313593.7898789407,1383136.978771762,0.34447189349554763,2019-07-11
126,69543.18889282121,1313199.061431483,1382742.2503243042,0.3438028131623404,2019-07-12
127,69543.18889282121,1327153.456786032,1396696.6456788534,0.3674560652997514,2019-07-15
128,69543.18889282121,1348007.6292353484,1417550.8181281697,0.4028047125558951,2019-07-16
129,70084.73795524721,1346067.616166952,1416152.3541221994,0.40043426074498756,2019-07-17
130,70084.73795524721,1348540.0559557925,1418624.7939110398,0.40462514399246174,2019-07-18
131,70084.73795524721,1342541.584518707,1412626.3224739542,0.394457497617573,2019-07-19
132,70084.73795524721,1350531.1934274025,1420615.9313826498,0.4080002007727531,2019-07-22
133,70084.73795524721,1349056.184253168,1419140.9222084153,0.4055000018736449,2019-07-23
134,80084.73775365725,1353867.8464770308,1433952.584230688,0.4306063549248158,2019-07-24
135,90084.7375658124,1368898.1746589104,1458982.9122247228,0.45898291222472287,2019-07-25
136,90084.7375658124,1384746.7089376396,1474831.446503452,0.474831446503452,2019-07-26
137,95084.73744781924,1392600.8703741818,1487685.607822001,0.4876856078220009,2019-07-29
138,95084.73744781924,1390424.8495963784,1485509.5870441976,0.4840468984449653,2019-07-30
139,95084.73744781924,1383752.4493017707,1478837.1867495899,0.47288941053539013,2019-07-31
140,95084.73744781924,1375322.3949818513,1470407.1324296705,0.4587927998707729,2019-08-01
141,95084.73744781924,1372553.2273163716,1467637.9647641908,0.4541622391455501,2019-08-02
142,95084.73744781924,1351720.714830537,1446805.4522783563,0.41932642355837424,2019-08-05
143,95084.73744781924,1318233.2369986381,1413317.9744464573,0.36332916432116524,2019-08-06
144,95084.73744781924,1310032.7471433012,1405117.4845911204,0.34961642791842595,2019-08-07
145,95084.73744781924,1299554.8274701172,1394639.5649179365,0.3320954074596374,2019-08-08
146,100084.73739966555,1315649.2949122358,1415734.0323119015,0.3673692601236177,2019-08-09
147,100084.73739966555,1302935.8167010108,1403020.5541006764,0.34610997213620087,2019-08-12
148,100084.73739966555,1338654.2387723112,1438738.976171977,0.4058377829409132,2019-08-13
149,100084.73739966555,1318895.6055557076,1418980.3429553732,0.37279769219543635,2019-08-14
150,100084.73739966555,1328381.8977972846,1428466.6351969503,0.38866052810437157,2019-08-15
151,100084.73739966555,1337423.7791138554,1437508.516513521,0.4037802267158265,2019-08-16
152,101312.67040677005,1346868.5004444276,1448181.1708511976,0.42162687956606604,2019-08-19
153,101312.67040677005,1394216.9131585597,1495529.5835653297,0.4955295835653297,2019-08-20
154,101312.67040677005,1402485.5524217742,1503798.2228285442,0.5037982228285443,2019-08-21
155,101312.67040677005,1425146.2983184499,1526458.9687252198,0.5264589687252199,2019-08-22
156,101312.67040677005,1424956.1130784994,1526268.7834852694,0.5261441910501978,2019-08-23
157,101312.67040677005,1437059.2848221199,1538371.9552288898,0.5383719552288899,2019-08-26
158,101312.67040677005,1423216.8715047461,1524529.541911516,0.515531449304378,2019-08-27
159,101312.67040677005,1445364.0694389963,1546676.7398457662,0.5466767398457661,2019-08-28
160,101312.67040677005,1437111.7430005055,1538424.4134072755,0.5330888922696695,2019-08-29
161,101312.67040677005,1452462.5886687064,1553775.2590754763,0.5537752590754763,2019-08-30
162,101312.67040677005,1442367.843604195,1543680.514010965,0.5371835994761576,2019-09-02
163,101312.67040677005,1479866.3310223431,1581179.001429113,0.5811790014291132,2019-09-03
164,101312.67040677005,1484444.3974568853,1585757.0678636553,0.5857570678636552,2019-09-04
165,101312.67040677005,1488453.771367396,1589766.441774166,0.5897664417741659,2019-09-05
166,101312.67040677005,1508666.665306611,1609979.335713381,0.6099793357133809,2019-09-06
167,101312.67040677005,1512110.4137014165,1613423.0841081864,0.6134230841081865,2019-09-09
168,101312.67040677005,1551118.5866479008,1652431.2570546707,0.6524312570546706,2019-09-10
169,101312.67040677005,1536966.0495072664,1638278.7199140363,0.6297140446331655,2019-09-11
170,106312.6703134244,1523209.6437094463,1629522.3140228707,0.6156585342535184,2019-09-12
171,111312.67014801303,1520974.5383965308,1632287.2085445437,0.6200966569411855,2019-09-16
172,111312.67014801303,1516027.8793370626,1627340.5494850755,0.6121564336784564,2019-09-17
173,111312.67014801303,1500616.8739834048,1611929.5441314178,0.5874191672244571,2019-09-18
174,111312.67014801303,1500225.8801969057,1611538.5503449186,0.5867915561597323,2019-09-19
175,116312.67013505373,1510450.885448758,1626763.5555838118,0.6112302610148084,2019-09-20
176,121312.67019351626,1530022.0298698256,1651334.7000633418,0.6506710978791981,2019-09-23
177,126312.67013968325,1542515.5766045828,1668828.246744266,0.6688282467442661,2019-09-24
178,131312.67006274842,1527062.6428876782,1658375.3129504267,0.6521116762854601,2019-09-25
179,131312.67006274842,1489171.6986136655,1620484.368676414,0.5915156128070389,2019-09-26
180,131312.67006274842,1465251.1486865017,1596563.8187492501,0.5532613230394626,2019-09-27
181,136312.6701405301,1478280.5292339204,1614593.1993744504,0.5820943203102787,2019-09-30
182,136312.6701405301,1442294.6679176209,1578607.3380581508,0.5245449090082304,2019-10-08
183,136312.6701405301,1431735.819884241,1568048.490024771,0.5076589580785644,2019-10-09
184,907.6704046599293,1575319.7619420781,1576227.432346738,0.5207389094396121,2019-10-10
185,5893.330381893817,1589434.876240569,1595328.2066224627,0.5512853039060237,2019-10-11
186,10893.330344735614,1588977.1647032679,1599870.4950480035,0.5585494352979706,2019-10-14
187,15893.330376946917,1603584.201520856,1619477.5318978028,0.5899054564354285,2019-10-15
188,15938.559803988543,1577838.0658807755,1593776.625684764,0.5488039802337292,2019-10-16
189,20938.559637936298,1566038.659802226,1586977.2194401622,0.537930214474979,2019-10-17
190,20938.559637936298,1574965.817210424,1595904.3768483603,0.5522067284904938,2019-10-18
191,20938.559637936298,1537924.3023451786,1558862.8619831149,0.4929690919227844,2019-10-21
192,26225.736186599628,1533089.6628280194,1559315.399014619,0.4936927994791084,2019-10-22
193,26389.868411079304,1551402.0780168236,1577791.946427903,0.5232409160903192,2019-10-23
194,31247.80406940755,1544468.019274078,1575715.8233434856,0.5199207326369168,2019-10-24
195,31247.80406940755,1532384.9199562143,1563632.7240256218,0.5005971642405623,2019-10-25
196,35998.12701118001,1539336.9247938513,1575335.0518050313,0.5193117940961379,2019-10-28
197,40998.12720333089,1543347.1901999826,1584345.3174033135,0.5337212166273522,2019-10-29
198,40998.12720333089,1518900.183544105,1559898.3107474358,0.494625005235414,2019-10-30
199,40998.12720333089,1506380.0102921082,1547378.137495439,0.4746024582212145,2019-10-31
200,40998.12720333089,1535052.5098302849,1576050.6370336157,0.5204561743370195,2019-11-01
201,40998.12720333089,1550619.402780274,1591617.5299836048,0.5453511050766126,2019-11-04
202,40998.12720333089,1579752.3617388043,1620750.4889421351,0.5919411984139299,2019-11-05
203,40998.12720333089,1608939.5491101337,1649937.6763134645,0.6386180150675242,2019-11-06
204,40998.12720333089,1605728.5147096068,1646726.6419129376,0.6334828555170358,2019-11-07
205,40998.12720333089,1598231.6730442992,1639229.80024763,0.6214937351046894,2019-11-08
206,40998.12720333089,1600241.866318904,1641239.993522235,0.6247084821004616,2019-11-11
207,40998.12720333089,1583270.1938313036,1624268.3210346345,0.5975669958404067,2019-11-12
208,40998.12720333089,1572751.1894698227,1613749.3166731535,0.5807447638208355,2019-11-13
209,40998.12720333089,1605141.4697881115,1646139.5969914424,0.6325440398709974,2019-11-14
210,40998.12720333089,1613892.0689033032,1654890.196106634,0.6465381978319021,2019-11-15
211,40998.12720333089,1611635.1271860416,1652633.2543893724,0.6429288450911187,2019-11-18
212,40998.12720333089,1611623.63744163,1652621.7646449609,0.64291047042944,2019-11-19
213,40998.12720333089,1631829.4812359926,1672827.6084393235,0.6728276084393234,2019-11-20
214,40998.12720333089,1605354.2566058212,1646352.383809152,0.6305257532008304,2019-11-21
215,40998.12720333089,1604010.497654099,1645008.6248574299,0.6283787082769356,2019-11-22
216,45790.44036313314,1576349.2955956631,1622139.7359587962,0.5918390210346702,2019-11-25
217,45790.44036313314,1560323.4781456948,1606113.918508828,0.5662331264930048,2019-11-26
218,45790.44036313314,1585683.3971935862,1631473.8375567193,0.6067529573691992,2019-11-27
219,45790.44036313314,1604633.4961573388,1650423.936520472,0.6370312403419619,2019-11-28
220,45790.44036313314,1600899.8671838576,1646690.3075469907,0.6310656844474726,2019-11-29
221,45790.44036313314,1588441.0147634232,1634231.4551265563,0.6111590517790437,2019-12-02
222,50790.44018912496,1612870.0140564062,1663660.4542455312,0.6581804190359589,2019-12-03
223,50790.44018912496,1650670.6205605147,1701461.0607496398,0.7014610607496397,2019-12-04
224,50790.44018912496,1639086.574081855,1689877.01427098,0.6830687206544593,2019-12-05
225,50790.44018912496,1654821.441013668,1705611.881202793,0.705611881202793,2019-12-06
226,50790.44018912496,1676671.5080990067,1727461.9482881317,0.7274619482881317,2019-12-09
227,50790.44018912496,1687490.7907251487,1738281.2309142738,0.7382812309142737,2019-12-10
228,50790.44018912496,1717482.105615384,1768272.545804509,0.768272545804509,2019-12-11
229,50790.44018912496,1724195.2433594265,1774985.6835485515,0.7749856835485516,2019-12-12
230,50790.44018912496,1731954.0178216095,1782744.4580107345,0.7827444580107346,2019-12-13
231,50790.44018912496,1737779.8580899807,1788570.2982791057,0.7885702982791056,2019-12-16
232,50790.44018912496,1736076.7731361925,1786867.2133253175,0.785915008675924,2019-12-17
233,50790.44018912496,1748659.7526026708,1799450.1927917958,0.7994501927917959,2019-12-18
234,50790.44018912496,1739378.3817231427,1790168.8219122677,0.7850109292866718,2019-12-19
235,60790.439985722245,1705252.2694626516,1766042.7094483739,0.7474773257121389,2019-12-20
236,60790.439985722245,1710806.7124838554,1771597.1524695777,0.7561185132531152,2019-12-23
237,65790.43982551564,1675236.1214198782,1741026.561245394,0.708559071019527,2019-12-24
238,65790.43982551564,1697541.575867944,1763332.0156934597,0.7432602308543919,2019-12-25
239,70790.43981610097,1740973.9019544255,1811764.3417705265,0.8117643417705265,2019-12-26
240,70790.43981610097,1725407.9943186557,1796198.4341347567,0.7876068600117346,2019-12-27
241,70790.43981610097,1700917.25239158,1771707.692207681,0.7495984980706,2019-12-30
242,70790.43981610097,1721296.5635297028,1792087.0033458038,0.7812261325520375,2019-12-31
243,75790.43989406728,1718224.224082585,1794014.6639766523,0.7842177619267265,2020-01-02
244,75790.43989406728,1772330.322375097,1848120.7622691644,0.8481207622691644,2020-01-03
245,75790.43989406728,1767315.1796127537,1843105.619506821,0.8403919749957417,2020-01-06
246,80790.43984823523,1744728.8024783512,1825519.2423265865,0.8132897817826622,2020-01-07
247,80790.43984823523,1730729.6945727575,1811520.1344209928,0.7917158940296709,2020-01-08
248,80790.43984823523,1718817.164761508,1799607.6046097432,0.773357611292285,2020-01-09
249,80790.43984823523,1766946.176778812,1847736.6166270473,0.8475287591915593,2020-01-10
250,80790.43984823523,1816654.262866966,1897444.7027152013,0.8974447027152013,2020-01-13
251,80790.43984823523,1873801.0380917266,1954591.477939962,0.954591477939962,2020-01-14
252,80790.43984823523,1862674.6786466632,1943465.1184948985,0.9377726965383729,2020-01-15
253,85790.43984701452,1870783.7902957737,1956574.2301427883,0.9565742301427882,2020-01-16
254,90790.43991660986,1857794.888486093,1948585.3284027027,0.944502221502382,2020-01-17
255,100790.44021422796,1853061.5609443458,1953852.0011585737,0.9524606770052263,2020-01-20
256,100790.44021422796,1912551.749247327,2013342.1894615549,1.013342189461555,2020-01-21
257,105790.44030970067,1875008.972713482,1980799.4130231827,0.9646358534411549,2020-01-22
258,110790.44020704107,1915312.3280610829,2026102.768268124,1.026102768268124,2020-01-23
259,110790.44020704107,1886487.0668644244,1997277.5070714655,0.9830505578524494,2020-02-03
260,110790.44020704107,1720109.6351750046,1830900.0753820457,0.7345561505114756,2020-02-04
261,110790.44020704107,1826371.743265643,1937162.1834726841,0.8932648125256691,2020-02-05
262,110790.44020704107,1842402.4156324947,1953192.8558395358,0.9172075575760571,2020-02-06
263,110790.44020704107,1873645.1906508156,1984435.6308578567,0.9638704660188178,2020-02-07
264,110790.44020704107,1877389.5345552,1988179.9747622411,0.9694628622347761,2020-02-10
265,110790.44020704107,1828413.1675283937,1939203.6077354348,0.8963137988404157,2020-02-11
266,110790.44020704107,1851083.2272881395,1961873.6674951806,0.9301728565694618,2020-02-12
267,110790.44020704107,1866807.005751891,1977597.4459589322,0.9536572376591066,2020-02-13
268,110790.44020704107,1906142.3343513934,2016932.7745584345,1.0124068473185601,2020-02-14
269,110790.44020704107,1888105.9839412146,1998896.4241482557,0.9854685050189985,2020-02-17
270,115790.44026830512,1920508.232228308,2036298.672496613,1.036298672496613,2020-02-18
271,115790.44026830512,1930834.2747231196,2046624.7149914247,1.0466247149914247,2020-02-19
272,115790.44026830512,1951863.2352869897,2067653.6755552948,1.0676536755552948,2020-02-20
273,115790.44026830512,2030774.0824114196,2146564.5226797247,1.1465645226797245,2020-02-21
274,115790.44026830512,2043630.3784579262,2159420.8187262313,1.1594208187262312,2020-02-24
275,115790.44026830512,2078941.5981811602,2194732.0384494653,1.1947320384494655,2020-02-25
276,120790.44051593695,2077139.703130782,2197930.143646719,1.197930143646719,2020-02-26
277,125790.44064180822,1972423.7792677786,2098214.219909587,1.0528461157296756,2020-02-27
278,385.44110903796144,2047871.7910201503,2048257.2321291883,0.9801600216922819,2020-02-28
279,10266.618350428953,1976557.9935802305,1986824.6119306595,0.8907771864352333,2020-03-02
280,15266.61852818164,1996771.562715308,2012038.1812434897,0.9274622619675454,2020-03-03
281,25245.811934469788,1997301.909290712,2022547.7212251818,0.9427533642805385,2020-03-04
282,25245.811934469788,1966303.3723021196,1991549.1842365894,0.8976513140032295,2020-03-05
283,25245.811934469788,2006181.4509018403,2031427.26283631,0.9556728621372259,2020-03-06
284,45245.81210512409,1958327.7071041632,2003573.5192092874,0.9151464029065997,2020-03-09
285,45976.57452410602,1841286.3362978096,1887262.9108219156,0.7459175483576853,2020-03-10
286,50976.57457371845,1901319.2264099922,1952295.8009837107,0.8405386810529282,2020-03-11
287,50976.57457371845,1851532.9221009435,1902509.496674662,0.7681009269455502,2020-03-12
288,51722.23928945636,1771336.2050818885,1823058.4443713448,0.6525017502202731,2020-03-13
289,51722.23928945636,1764610.8734495137,1816333.11273897,0.6427165708253046,2020-03-16
290,51722.23928945636,1643138.5091877112,1694860.7484771674,0.4659774981956646,2020-03-17
291,51722.23928945636,1649903.435586209,1701625.6748756652,0.4758202869266175,2020-03-18
292,51722.23928945636,1615221.8951503877,1666944.134439844,0.42535956418326426,2020-03-19
293,51722.23928945636,1605607.351636243,1657329.5909256993,0.4113706580252767,2020-03-20
294,56087.60131460284,1618084.9926668652,1674172.5939814681,0.4358767813601203,2020-03-23
295,56087.60131460284,1534261.8564837389,1590349.4577983418,0.313916338390687,2020-03-24
296,56087.60131460284,1571071.8267703108,1627159.4280849136,0.3674738701923387,2020-03-25
297,56087.60131460284,1633489.2404215932,1689576.841736196,0.4582895538394647,2020-03-26
298,56087.60131460284,1661385.9629602176,1717473.5642748205,0.4988785462481129,2020-03-27
299,56087.60131460284,1679169.389056328,1735256.9903709309,0.524752960198189,2020-03-30
300,56087.60131460284,1683744.7469153423,1739832.3482299452,0.5314099846980833,2020-03-31
301,56087.60131460284,1666202.7154651019,1722290.3167797048,0.5058867935640619,2020-04-01
302,56087.60131460284,1666439.2282840912,1722526.829598694,0.5062309134513072,2020-04-02
303,56087.60131460284,1737239.231258884,1793326.832573487,0.6092430425391367,2020-04-03
304,61087.601201368896,1716931.7857705858,1778019.3869719547,0.586971114628747,2020-04-07
305,61087.601201368896,1752721.721449894,1813809.3226512629,0.639044523093922,2020-04-08
306,61087.601201368896,1751182.8265158571,1812270.427717226,0.636805471724757,2020-04-09
307,61087.601201368896,1736604.746485223,1797692.347686592,0.6155947514017218,2020-04-10
308,61087.601201368896,1700037.9585922426,1761125.5597936115,0.562391043541708,2020-04-13
309,61087.601201368896,1665733.5801624348,1726821.1813638038,0.5124790815274232,2020-04-14
310,61087.601201368896,1711692.0052077384,1772779.6064091073,0.5793473726929717,2020-04-15
311,61087.601201368896,1721881.0953030267,1782968.6965043957,0.594172228908826,2020-04-16
312,61087.601201368896,1730654.2934211707,1791741.8946225396,0.6069369997998826,2020-04-17
313,66087.6013610712,1774521.916449532,1840609.5178106031,0.6780380972088258,2020-04-20
314,66087.6013610712,1780826.9121443667,1846914.5135054379,0.6872116989478788,2020-04-21
315,71087.60140772647,1734755.2664243176,1805842.8678320441,0.6274535423350386,2020-04-22
316,71087.60140772647,1736943.0158134375,1808030.617221164,0.6306366597505008,2020-04-23
317,71087.60140772647,1736352.6062899963,1807440.2076977228,0.629777629531744,2020-04-24
318,71087.60140772647,1716081.9472246082,1787169.5486323347,0.6002843574893321,2020-04-27
319,71087.60140772647,1707507.9035822325,1778595.504989959,0.5878093510856242,2020-04-28
320,71087.60140772647,1759775.8448489248,1830863.4462566513,0.6638578212366291,2020-04-29
321,71087.60140772647,1748467.2645714402,1819554.8659791667,0.6474041364569959,2020-04-30
322,71087.60140772647,1822379.905370166,1893467.5067778926,0.7549450711359327,2020-05-06
323,71087.60140772647,1883028.3832181226,1954115.9846258492,0.843187000042043,2020-05-07
324,71087.60140772647,1879700.2880271336,1950787.88943486,0.8383447096885692,2020-05-08
325,76087.6012659418,1886421.626747964,1962509.2280139057,0.8553989468644728,2020-05-11
326,76087.6012659418,1880683.4030015864,1956771.0042675282,0.8470499832986501,2020-05-12
327,76087.6012659418,1870585.449314265,1946673.0505802068,0.8323577281425081,2020-05-13
328,81087.60135362491,1868015.9401759165,1949103.5415295414,0.8358940280987214,2020-05-14
329,81087.60135362491,1840025.0066832674,1921112.6080368923,0.7951679612472805,2020-05-15
330,81087.60135362491,1868754.4748147647,1949842.0761683895,0.836968576437087,2020-05-18
331,86087.60148115177,1800028.9455977303,1886116.547078882,0.7442496194746735,2020-05-19
332,96087.60149459133,1829482.4120866328,1925570.0135812243,0.8016533682534498,2020-05-20
333,101087.60137449855,1792291.3380403738,1893378.9394148723,0.754816207968573,2020-05-21
334,116087.60130274562,1751015.8966041454,1867103.497906891,0.716586136517537,2020-05-22
335,116087.60130274562,1713124.464264189,1829212.0655669344,0.6614551060722973,2020-05-25
336,116087.60130274562,1697130.8424375816,1813218.4437403271,0.6381848099287933,2020-05-26
337,121087.60116181544,1738385.459079946,1859473.0602417614,0.7054840518179526,2020-05-27
338,667.6010681983596,1818476.7763417829,1819144.3774099813,0.6468068864612148,2020-05-28
339,667.6010681983596,1823042.2834162498,1823709.8844844482,0.653449578330505,2020-05-29
340,25528.23645021831,1808983.401797969,1834511.6382481873,0.6691658439566717,2020-06-01
341,35391.25038260509,1858599.1350147424,1893990.3853973474,0.7557058456780429,2020-06-02
342,35391.25038260509,1855793.730066933,1891184.980449538,0.7516240557841883,2020-06-03
343,40392.60276082774,1854101.8595174463,1894494.462278274,0.7564392641885854,2020-06-04
344,40561.00486812755,1840277.4377611368,1880838.4426292644,0.7365701172987111,2020-06-05
345,40561.00486812755,1890143.767652806,1930704.7725209335,0.8091243065092089,2020-06-08
346,55561.005031497305,1874464.6242173957,1930025.629248893,0.8081361710364815,2020-06-09
347,55561.005031497305,1903682.9858149178,1959243.990846415,0.8506481132703037,2020-06-10
348,55561.005031497305,1842660.4509670727,1898221.45599857,0.7618619413367963,2020-06-11
349,75561.0052728059,1856530.8190650612,1932091.824337867,0.8111424301647732,2020-06-12
350,75747.33187360545,1859017.6772931349,1934765.0091667403,0.8150318432876167,2020-06-15
351,80747.33209411326,1803554.519208949,1884301.8513030624,0.7416092851856986,2020-06-16
352,85747.33232124949,1817804.6924266915,1903552.024747941,0.7696177776793068,2020-06-17
353,90747.33240977488,1801140.1670114854,1891887.4994212603,0.752646202280813,2020-06-18
354,90747.33240977488,1822619.196549599,1913366.528959374,0.7838976213556008,2020-06-19
355,90747.33240977488,1871808.7806186774,1962556.1130284523,0.8554671633188208,2020-06-22
356,90747.33240977488,1888270.169921699,1979017.5023314739,0.8794180487510093,2020-06-23
357,90747.33240977488,1887219.0357969475,1977966.3682067224,0.8778886764403038,2020-06-24
358,90747.33240977488,1919083.5273801303,2009830.8597899051,0.9242506677166816,2020-06-29
359,90747.33240977488,1894801.460588222,1985548.7929979968,0.888920903680119,2020-06-30
360,90747.33240977488,1925590.64274093,2016337.9751507048,0.933718348216282,2020-07-01
361,95747.33235362254,1974247.7500255592,2069995.0823791819,1.0117880180476138,2020-07-02
362,95865.73804466258,2018149.617919357,2114015.3559640194,1.0758363501729293,2020-07-03
363,95865.73804466258,2041424.2741790111,2137290.0122236735,1.1097003585677871,2020-07-06
364,95865.73804466258,2207034.249969919,2302899.9880145816,1.3028999880145817,2020-07-07
365,100865.73827354441,2207707.877650476,2308573.6159240203,1.3085736159240202,2020-07-08
366,100865.73827354441,2226394.805787814,2327260.544061358,1.327260544061358,2020-07-09
367,100865.73827354441,2269306.3611746687,2370172.099448213,1.370172099448213,2020-07-10
368,100865.73827354441,2244301.719357238,2345167.4576307824,1.3346177419273315,2020-07-13
369,100865.73827354441,2253133.3994605043,2353999.1377340485,1.3471755987522465,2020-07-14
370,100865.73827354441,2255122.6719406145,2355988.4102141587,1.3500041657631519,2020-07-15
371,100865.73827354441,2179610.870670847,2280476.6089443914,1.24263315845204,2020-07-16
372,100865.73827354441,2033097.183040524,2133962.921314068,1.0343038382503802,2020-07-17
373,100865.73827354441,2069205.365146589,2170071.1034201332,1.0856464339732759,2020-07-20
374,100865.73827354441,2143300.335495652,2244166.0737691964,1.1910028348177502,2020-07-21
375,100865.73827354441,2133926.209385654,2234791.947659198,1.177673668433596,2020-07-22
376,100865.73827354441,2152343.1872445834,2253208.9255181276,1.2038609587787863,2020-07-23
377,100865.73827354441,2144592.5031533916,2245458.241426936,1.1928401813078793,2020-07-24
378,100865.73827354441,2033377.2382224924,2134242.9764960366,1.0347020515956458,2020-07-27
379,100865.73827354441,2020994.2078066496,2121859.946080194,1.0170944932146289,2020-07-28
380,100865.73827354441,2042053.5426853132,2142919.2809588574,1.0470389781984542,2020-07-29
381,105865.73832780925,2097484.4222898856,2203350.1606176947,1.1329662678744818,2020-07-30
382,105865.73832780925,2078775.5902292859,2184641.328557095,1.1063639870364896,2020-07-31
383,105912.41031511393,2109807.9915271774,2215720.4018422915,1.150555641172854,2020-08-03
384,105912.41031511393,2127326.031842541,2233238.442157655,1.1754647229739565,2020-08-04
385,105912.41031511393,2122626.2078123935,2228538.6181275076,1.1687819948199942,2020-08-05
386,105912.41031511393,2124580.0107952384,2230492.4211103525,1.171560127387724,2020-08-06
387,105912.41031511393,2103092.679947742,2209005.090262856,1.1410070705313444,2020-08-07
388,105912.41031511393,2060074.365376472,2165986.775691586,1.0798388863445796,2020-08-10
389,105912.41031511393,2066255.5497199753,2172167.9600350894,1.088627975972658,2020-08-11
390,110912.41026537027,2042976.9978628783,2153889.4081282485,1.062637514913272,2020-08-12
391,110912.41026537027,2029849.602405927,2140762.0126712974,1.043971536220105,2020-08-13
392,110912.41026537027,2016186.8745911466,2127099.284856517,1.0245443629382796,2020-08-14
393,110912.41026537027,2049354.9644088997,2160267.37467427,1.0717064111801804,2020-08-17
394,110912.41026537027,2080034.0675285058,2190946.477793876,1.1153293436220322,2020-08-18
395,110912.41026537027,2081869.0177664307,2192781.4280318012,1.1179384782486572,2020-08-19
396,110912.41026537027,2050716.4343780514,2161628.8446434215,1.0736422993400903,2020-08-20
397,110912.41026537027,2019546.4564136583,2130458.8666790286,1.0293213869048845,2020-08-21
398,110912.41026537027,2039161.9990874848,2150074.409352855,1.0572129288947067,2020-08-24
399,110912.41026537027,2053205.1426702882,2164117.5529356585,1.0771810192719111,2020-08-25
400,110912.41026537027,2043398.3910683496,2154310.80133372,1.0632366982486543,2020-08-26
401,110912.41026537027,1981016.8824601183,2091929.2927254885,0.9745357891957237,2020-08-27
402,110912.41026537027,2003798.051961516,2114710.4622268863,1.0069285685488705,2020-08-28
403,110912.41026537027,2050544.2332984079,2161456.643563778,1.0733974448528385,2020-08-31
404,110912.41026537027,2010002.934728933,2120915.3449943033,1.0157513552097903,2020-09-01
405,115912.41040285197,2018840.7535273796,2134753.1639302317,1.0354274923586237,2020-09-02
406,120912.41028078165,2020163.5743290246,2141075.9846098064,1.04441797615053,2020-09-03
407,120912.41028078165,2062968.1102044675,2183880.5204852493,1.1052821862097202,2020-09-04
408,120912.41028078165,2061678.6525355885,2182591.0628163703,1.10344869308064,2020-09-07
409,120912.41028078165,1990768.7476221635,2111681.1579029453,1.0026211695563414,2020-09-08
410,120912.41028078165,1992919.6588012273,2113832.069082009,1.0056795722966991,2020-09-09
411,120912.41028078165,1922914.4465969275,2043826.856877709,0.9061384406456224,2020-09-10
412,120912.41028078165,1942811.9173145355,2063724.327595317,0.9344308590221961,2020-09-11
413,552.4099439442482,2101845.090418523,2102397.5003624675,0.9894206413621928,2020-09-14
414,552.4099439442482,2120373.361691059,2120925.7716350034,1.0157661809575012,2020-09-15
415,5552.409849950108,2144912.3542628,2150464.76411275,1.0577679783449097,2020-09-16
416,15424.715106926426,2140596.5979429316,2156021.313049858,1.065668892460564,2020-09-17
417,15424.715106926426,2142296.9504074156,2157721.665514342,1.0680866411279988,2020-09-18
418,20315.119320145113,2169038.629424164,2189353.7487443094,1.1130646257958117,2020-09-21
419,20315.119320145113,2138601.2078106194,2158916.3271307647,1.0697853427745532,2020-09-22
420,20315.119320145113,2097316.0808615955,2117631.200181741,1.011081595903948,2020-09-23
421,20315.119320145113,2115088.0014184676,2135403.120738613,1.0363516726331126,2020-09-24
422,20315.119320145113,2084222.0750696429,2104537.194389788,0.9924630943190521,2020-09-25
423,25315.119152298434,2066147.2822606987,2091462.4014129972,0.9738719116337524,2020-09-28
424,25315.119152298434,2075426.7844059756,2100741.9035582743,0.9870665312287024,2020-09-29
425,25315.119152298434,2072296.7688226155,2097611.887974914,0.9826159298599941,2020-09-30
426,25315.119152298434,2063055.619823885,2088370.7389761833,0.9694758449988073,2020-10-09
427,25315.119152298434,2090316.9459878309,2115632.0651401295,1.0082390052153496,2020-10-12
428,30315.119043961033,2177418.9379741363,2207734.0570180975,1.139199775280526,2020-10-13
429,30315.119043961033,2181592.976003717,2211908.0950476783,1.145134882909463,2020-10-14
430,30315.119043961033,2158697.8503725734,2189012.9694165345,1.1125800681627172,2020-10-15
431,30315.119043961033,2151206.9986869865,2181522.1177309477,1.1019287490632532,2020-10-16
432,30315.119043961033,2147971.6308064125,2178286.7498503737,1.0973283461789647,2020-10-19
433,30315.119043961033,2126430.0509974035,2156745.1700413646,1.0666981521659389,2020-10-20
434,35315.11895515488,2128767.4974744064,2164082.6164295613,1.0771313426943627,2020-10-21
435,35315.11895515488,2122173.030373727,2157488.149328882,1.0677546020607975,2020-10-22
436,35315.11895515488,2117517.575080426,2152832.694035581,1.0611349622703514,2020-10-23
437,35315.11895515488,2084290.1268879813,2119605.245843136,1.013888511744625,2020-10-26
438,35315.11895515488,2061540.2018787195,2096855.3208338744,0.9815401592563804,2020-10-27
439,35315.11895515488,2080311.765359049,2115626.8843142036,1.00823163854565,2020-10-28
440,35315.11895515488,2111037.911579647,2146353.030534802,1.0519214620569195,2020-10-29
441,35315.11895515488,2113568.5644015027,2148883.6833566576,1.0555198233470522,2020-10-30
442,35315.11895515488,2148093.761822777,2183408.880777932,1.1046115568562807,2020-11-02
443,40171.86032661484,2187599.8589532375,2227771.719279852,1.167691533456421,2020-11-03
444,45171.860456619725,2185608.762755928,2230780.623212548,1.1719699249226998,2020-11-04
445,45171.860456619725,2199164.7003592206,2244336.5608158405,1.1912452521038412,2020-11-05
446,50171.86043983506,2224654.3150270083,2274826.1754668434,1.234598748942176,2020-11-06
447,50171.86043983506,2245672.9240256306,2295844.7844654657,1.2644853253780641,2020-11-09
448,50171.86043983506,2338934.930690851,2389106.791130686,1.3891067911306862,2020-11-10
449,50171.86043983506,2286405.2269234466,2336577.0873632818,1.3145899145996296,2020-11-11
450,50171.86043983506,2223541.1203271197,2273712.980766955,1.2254130007107604,2020-11-12
451,50171.86043983506,2244666.614816713,2294838.4752565483,1.25538091889109,2020-11-13
452,50171.86043983506,2219309.862817173,2269481.723257008,1.2194106806741591,2020-11-16
453,55171.86030799912,2215581.2282296373,2270753.088537636,1.2212141968345003,2020-11-17
454,55171.86030799912,2232448.083723049,2287619.944031048,1.2451409525199122,2020-11-18
455,55171.86030799912,2224061.0065518282,2279232.866859827,1.2332433260495317,2020-11-19
456,55171.86030799912,2244367.361453142,2299539.221761141,1.2620492402743124,2020-11-20
457,55171.86030799912,2245247.0716480636,2300418.9319560626,1.2632971676616123,2020-11-23
458,55171.86030799912,2257629.3945277687,2312801.2548357677,1.280862315740121,2020-11-24
459,55171.86030799912,2257691.3905032156,2312863.2508112146,1.2809502611522685,2020-11-25
460,55171.86030799912,2244929.6150950333,2300101.4754030323,1.2628468344392725,2020-11-26
461,55171.86030799912,2234345.903182812,2289517.763490811,1.2478331355748096,2020-11-27
462,55171.86030799912,2275451.3348564245,2330623.1951644234,1.3061439227504077,2020-11-30
463,55171.86030799912,2276225.4649575427,2331397.3252655417,1.3072420777565625,2020-12-01
464,55171.86030799912,2320528.9113246156,2375700.7716326145,1.3700894613522032,2020-12-02
465,55171.86030799912,2333533.441150045,2388705.301458044,1.3885372513423553,2020-12-03
466,55171.86030799912,2319712.701140633,2374884.561448632,1.3689316129513722,2020-12-04
467,55171.86030799912,2325886.39663908,2381058.2569470787,1.3776894103917523,2020-12-07
468,55171.86030799912,2313513.7106978036,2368685.5710058026,1.3601379329509886,2020-12-08
469,60171.86026619004,2299134.0278710173,2359305.8881372074,1.3468322293187267,2020-12-09
470,60171.86026619004,2262344.3648516275,2322516.2251178175,1.2946436468554814,2020-12-10
471,65171.8601721959,2288678.3124374105,2353850.1726096063,1.3390929341923172,2020-12-11
472,65171.8601721959,2271696.3124020193,2336868.172574215,1.3150028383202583,2020-12-14
473,65171.8601721959,2297754.599601536,2362926.459773732,1.3519682508505704,2020-12-15
474,65171.8601721959,2290978.334371195,2356150.194543391,1.3423556681916837,2020-12-16
475,70145.72088081406,2292320.601577225,2362466.322458039,1.3513155154821652,2020-12-17
476,70145.72088081406,2311732.9334089467,2381878.6542897606,1.3788531985555257,2020-12-18
477,70145.72088081406,2293761.221381111,2363906.942261925,1.353359130434378,2020-12-21
478,70145.72088081406,2293870.967257376,2364016.6881381897,1.353514812254851,2020-12-22
479,70145.72088081406,2234458.5561093045,2304604.2769901184,1.269234357799283,2020-12-23
480,70145.72088081406,2277221.805901031,2347367.526781845,1.3298968701733611,2020-12-24
481,70145.72088081406,2290101.5111916736,2360247.2320724875,1.3481675882636228,2020-12-25
482,70145.72088081406,2285363.004977093,2355508.725857907,1.3414457022218316,2020-12-28
483,70145.72088081406,2294870.3316426086,2365016.0525234225,1.3549324770647209,2020-12-29
484,70145.72088081406,2303311.0907407287,2373456.8116215426,1.3669062549167343,2020-12-30
485,70145.72088081406,2344793.829622154,2414939.550502968,1.414939550502968,2020-12-31
